date,regulation,source,ingested_at,pokemon_name,usage_raw,raw_count
2026-02,Reg F,smogon_chaos,2026-03-18T19:07:46.741955,Urshifu-Rapid-Strike,0.4582926,585332
2026-02,Reg F,smogon_chaos,2026-03-18T19:07:46.741955,Flutter Mane,0.3752519,618277
2026-02,Reg F,smogon_chaos,2026-03-18T19:07:46.741955,Incineroar,0.3426131,647459
2026-02,Reg F,smogon_chaos,2026-03-18T19:07:46.741955,Tornadus,0.3220696,399029
2026-02,Reg F,smogon_chaos,2026-03-18T19:07:46.741955,Raging Bolt,0.3141545,390962
2026-02,Reg F,smogon_chaos,2026-03-18T19:07:46.741955,Ogerpon-Hearthflame,0.2304273,242286
2026-02,Reg F,smogon_chaos,2026-03-18T19:07:46.741955,Chien-Pao,0.20473400000000003,239652
2026-02,Reg F,smogon_chaos,2026-03-18T19:07:46.741955,Ogerpon-Wellspring,0.20227530000000002,284187
2026-02,Reg F,smogon_chaos,2026-03-18T19:07:46.741955,Rillaboom,0.1881439,387634
2026-02,Reg F,smogon_chaos,2026-03-18T19:07:46.741955,Landorus,0.1798811,269207
2026-02,Reg F,smogon_chaos,2026-03-18T19:07:46.741955,Gholdengo,0.1585579,184752
2026-02,Reg F,smogon_chaos,2026-03-18T19:07:46.741955,Indeedee-F,0.1538869,205054
2026-02,Reg F,smogon_chaos,2026-03-18T19:07:46.741955,Amoonguss,0.1441133,320875
2026-02,Reg F,smogon_chaos,2026-03-18T19:07:46.741955,Urshifu,0.1433315,143353
2026-02,Reg F,smogon_chaos,2026-03-18T19:07:46.741955,Farigiraf,0.1389169,236508
2026-02,Reg F,smogon_chaos,2026-03-18T19:07:46.741955,Dragonite,0.13522990000000001,153531
2026-02,Reg F,smogon_chaos,2026-03-18T19:07:46.741955,Ursaluna,0.13128410000000001,174285
2026-02,Reg F,smogon_chaos,2026-03-18T19:07:46.741955,Dondozo,0.12906040000000002,97589
2026-02,Reg F,smogon_chaos,2026-03-18T19:07:46.741955,Iron Crown,0.1195064,97803
2026-02,Reg F,smogon_chaos,2026-03-18T19:07:46.741955,Tatsugiri,0.1033907,86550
2026-02,Reg F,smogon_chaos,2026-03-18T19:07:46.741955,Whimsicott,0.0985003,149731
2026-02,Reg F,smogon_chaos,2026-03-18T19:07:46.741955,Regidrago,0.0939156,92030
2026-02,Reg F,smogon_chaos,2026-03-18T19:07:46.741955,Chi-Yu,0.08301700000000001,135316
2026-02,Reg F,smogon_chaos,2026-03-18T19:07:46.741955,Landorus-Therian,0.0774912,83195
2026-02,Reg F,smogon_chaos,2026-03-18T19:07:46.741955,Ogerpon-Cornerstone,0.0759792,59374
2026-02,Reg F,smogon_chaos,2026-03-18T19:07:46.741955,Gouging Fire,0.0636303,70287
2026-02,Reg F,smogon_chaos,2026-03-18T19:07:46.741955,Torkoal,0.0624223,171433
2026-02,Reg F,smogon_chaos,2026-03-18T19:07:46.741955,Glimmora,0.054778099999999996,51872
2026-02,Reg F,smogon_chaos,2026-03-18T19:07:46.741955,Ting-Lu,0.0526808,61251
2026-02,Reg F,smogon_chaos,2026-03-18T19:07:46.741955,Ninetales-Alola,0.0497704,81475
2026-02,Reg F,smogon_chaos,2026-03-18T19:07:46.741955,Roaring Moon,0.046673799999999994,67567
2026-02,Reg F,smogon_chaos,2026-03-18T19:07:46.741955,Weezing-Galar,0.0455873,42264
2026-02,Reg F,smogon_chaos,2026-03-18T19:07:46.741955,Cresselia,0.0443198,66496
2026-02,Reg F,smogon_chaos,2026-03-18T19:07:46.741955,Porygon2,0.043202,73045
2026-02,Reg F,smogon_chaos,2026-03-18T19:07:46.741955,Arcanine-Hisui,0.0383351,92807
2026-02,Reg F,smogon_chaos,2026-03-18T19:07:46.741955,Heatran,0.0372444,54805
2026-02,Reg F,smogon_chaos,2026-03-18T19:07:46.741955,Ursaluna-Bloodmoon,0.036303999999999996,109565
2026-02,Reg F,smogon_chaos,2026-03-18T19:07:46.741955,Smeargle,0.0361581,45257
2026-02,Reg F,smogon_chaos,2026-03-18T19:07:46.741955,Archaludon,0.031663199999999996,131128
2026-02,Reg F,smogon_chaos,2026-03-18T19:07:46.741955,Pelipper,0.0314927,114225
2026-02,Reg F,smogon_chaos,2026-03-18T19:07:46.741955,Iron Hands,0.0314825,81114
2026-02,Reg F,smogon_chaos,2026-03-18T19:07:46.741955,Thundurus,0.028222200000000003,50533
2026-02,Reg F,smogon_chaos,2026-03-18T19:07:46.741955,Sinistcha,0.0282167,74410
2026-02,Reg F,smogon_chaos,2026-03-18T19:07:46.741955,Entei,0.0276883,39149
2026-02,Reg F,smogon_chaos,2026-03-18T19:07:46.741955,Articuno,0.027663700000000003,41346
2026-02,Reg F,smogon_chaos,2026-03-18T19:07:46.741955,Kingambit,0.0266772,63465
2026-02,Reg F,smogon_chaos,2026-03-18T19:07:46.741955,Grimmsnarl,0.0231436,62500
2026-02,Reg F,smogon_chaos,2026-03-18T19:07:46.741955,Moltres-Galar,0.0210585,42161
2026-02,Reg F,smogon_chaos,2026-03-18T19:07:46.741955,Hatterene,0.0210196,51072
2026-02,Reg F,smogon_chaos,2026-03-18T19:07:46.741955,Basculegion,0.0174546,33192
2026-02,Reg F,smogon_chaos,2026-03-18T19:07:46.741955,Regigigas,0.0172021,20463
2026-02,Reg F,smogon_chaos,2026-03-18T19:07:46.741955,Iron Valiant,0.0165621,14780
2026-02,Reg F,smogon_chaos,2026-03-18T19:07:46.741955,Terrakion,0.0153748,10081
2026-02,Reg F,smogon_chaos,2026-03-18T19:07:46.741955,Annihilape,0.014566699999999998,63036
2026-02,Reg F,smogon_chaos,2026-03-18T19:07:46.741955,Walking Wake,0.0126038,58121
2026-02,Reg F,smogon_chaos,2026-03-18T19:07:46.741955,Primarina,0.010843199999999999,39047
2026-02,Reg F,smogon_chaos,2026-03-18T19:07:46.741955,Orthworm,0.0104344,14264
2026-02,Reg F,smogon_chaos,2026-03-18T19:07:46.741955,Lilligant-Hisui,0.010393699999999999,42601
2026-02,Reg F,smogon_chaos,2026-03-18T19:07:46.741955,Iron Bundle,0.010060500000000002,37417
2026-02,Reg F,smogon_chaos,2026-03-18T19:07:46.741955,Regice,0.010059199999999999,10304
2026-02,Reg F,smogon_chaos,2026-03-18T19:07:46.741955,Latios,0.0088193,18489
2026-02,Reg F,smogon_chaos,2026-03-18T19:07:46.741955,Zapdos-Galar,0.008753499999999999,39395
2026-02,Reg F,smogon_chaos,2026-03-18T19:07:46.741955,Okidogi,0.0085422,30563
2026-02,Reg F,smogon_chaos,2026-03-18T19:07:46.741955,Brambleghast,0.0080675,3671
2026-02,Reg F,smogon_chaos,2026-03-18T19:07:46.741955,Tyranitar,0.0076056000000000006,51574
2026-02,Reg F,smogon_chaos,2026-03-18T19:07:46.741955,Metagross,0.0073733,26308
2026-02,Reg F,smogon_chaos,2026-03-18T19:07:46.741955,Corviknight,0.0070855,26415
2026-02,Reg F,smogon_chaos,2026-03-18T19:07:46.741955,Flamigo,0.0070419,16778
2026-02,Reg F,smogon_chaos,2026-03-18T19:07:46.741955,Sneasler,0.0069797,42902
2026-02,Reg F,smogon_chaos,2026-03-18T19:07:46.741955,Scream Tail,0.0067555,21968
2026-02,Reg F,smogon_chaos,2026-03-18T19:07:46.741955,Armarouge,0.006572,28817
2026-02,Reg F,smogon_chaos,2026-03-18T19:07:46.741955,Ogerpon,0.0065286,15050
2026-02,Reg F,smogon_chaos,2026-03-18T19:07:46.741955,Muk-Alola,0.0064918,12813
2026-02,Reg F,smogon_chaos,2026-03-18T19:07:46.741955,Zoroark-Hisui,0.0062651,28692
2026-02,Reg F,smogon_chaos,2026-03-18T19:07:46.741955,Gallade,0.0060883,23099
2026-02,Reg F,smogon_chaos,2026-03-18T19:07:46.741955,Drifblim,0.0060331000000000004,9662
2026-02,Reg F,smogon_chaos,2026-03-18T19:07:46.741955,Goodra-Hisui,0.005938099999999999,16554
2026-02,Reg F,smogon_chaos,2026-03-18T19:07:46.741955,Maushold,0.005594900000000001,36511
2026-02,Reg F,smogon_chaos,2026-03-18T19:07:46.741955,Weezing,0.0054942,16766
2026-02,Reg F,smogon_chaos,2026-03-18T19:07:46.741955,Empoleon,0.0054834,10314
2026-02,Reg F,smogon_chaos,2026-03-18T19:07:46.741955,Volcarona,0.0054513999999999995,34130
2026-02,Reg F,smogon_chaos,2026-03-18T19:07:46.741955,Excadrill,0.0049961,26406
2026-02,Reg F,smogon_chaos,2026-03-18T19:07:46.741955,Registeel,0.0049281,9773
2026-02,Reg F,smogon_chaos,2026-03-18T19:07:46.741955,Milotic,0.0047702,15523
2026-02,Reg F,smogon_chaos,2026-03-18T19:07:46.741955,Baxcalibur,0.004724,21529
2026-02,Reg F,smogon_chaos,2026-03-18T19:07:46.741955,Kommo-o,0.0046403,16606
2026-02,Reg F,smogon_chaos,2026-03-18T19:07:46.741955,Dragapult,0.0044153,27651
2026-02,Reg F,smogon_chaos,2026-03-18T19:07:46.741955,Scizor,0.0043579000000000005,19980
2026-02,Reg F,smogon_chaos,2026-03-18T19:07:46.741955,Gothitelle,0.0042380000000000004,26824
2026-02,Reg F,smogon_chaos,2026-03-18T19:07:46.741955,Sableye,0.0041747,16917
2026-02,Reg F,smogon_chaos,2026-03-18T19:07:46.741955,Clefairy,0.0040923,22079
2026-02,Reg F,smogon_chaos,2026-03-18T19:07:46.741955,Gastrodon,0.0039648,34275
2026-02,Reg F,smogon_chaos,2026-03-18T19:07:46.741955,Iron Boulder,0.0035975,8541
2026-02,Reg F,smogon_chaos,2026-03-18T19:07:46.741955,Bronzong,0.0035704,12501
2026-02,Reg F,smogon_chaos,2026-03-18T19:07:46.741955,Pikachu,0.0033976,3216
2026-02,Reg F,smogon_chaos,2026-03-18T19:07:46.741955,Oranguru,0.0030946000000000003,14435
2026-02,Reg F,smogon_chaos,2026-03-18T19:07:46.741955,Gyarados,0.0030547,12278
2026-02,Reg F,smogon_chaos,2026-03-18T19:07:46.741955,Zapdos,0.0030041,11780
2026-02,Reg F,smogon_chaos,2026-03-18T19:07:46.741955,Latias,0.0029758000000000002,9331
2026-02,Reg F,smogon_chaos,2026-03-18T19:07:46.741955,Thundurus-Therian,0.0028721000000000003,9111
2026-02,Reg F,smogon_chaos,2026-03-18T19:07:46.741955,Fezandipiti,0.0027844000000000002,6119
2026-02,Reg F,smogon_chaos,2026-03-18T19:07:46.741955,Sylveon,0.0027844000000000002,12888
2026-02,Reg F,smogon_chaos,2026-03-18T19:07:46.741955,Brute Bonnet,0.0027371,15882
2026-02,Reg F,smogon_chaos,2026-03-18T19:07:46.741955,Articuno-Galar,0.0026485,10014
2026-02,Reg F,smogon_chaos,2026-03-18T19:07:46.741955,Tsareena,0.0026466000000000003,8001
2026-02,Reg F,smogon_chaos,2026-03-18T19:07:46.741955,Iron Treads,0.0025596000000000004,7569
2026-02,Reg F,smogon_chaos,2026-03-18T19:07:46.741955,Enamorus-Therian,0.0024871,8684
2026-02,Reg F,smogon_chaos,2026-03-18T19:07:46.741955,Wo-Chien,0.0024642,8096
2026-02,Reg F,smogon_chaos,2026-03-18T19:07:46.741955,Regieleki,0.0022889,16439
2026-02,Reg F,smogon_chaos,2026-03-18T19:07:46.741955,Typhlosion-Hisui,0.0022836,25533
2026-02,Reg F,smogon_chaos,2026-03-18T19:07:46.741955,Great Tusk,0.0022485,8608
2026-02,Reg F,smogon_chaos,2026-03-18T19:07:46.741955,Cobalion,0.0021677,2274
2026-02,Reg F,smogon_chaos,2026-03-18T19:07:46.741955,Indeedee,0.0020886,18462
2026-02,Reg F,smogon_chaos,2026-03-18T19:07:46.741955,Garchomp,0.0020347,29858
2026-02,Reg F,smogon_chaos,2026-03-18T19:07:46.741955,Garganacl,0.001974,18067
2026-02,Reg F,smogon_chaos,2026-03-18T19:07:46.741955,Araquanid,0.0019128,14367
2026-02,Reg F,smogon_chaos,2026-03-18T19:07:46.741955,Munkidori,0.0018221000000000001,3411
2026-02,Reg F,smogon_chaos,2026-03-18T19:07:46.741955,Arcanine,0.0018212,8849
2026-02,Reg F,smogon_chaos,2026-03-18T19:07:46.741955,Rhyperior,0.0016657,4587
2026-02,Reg F,smogon_chaos,2026-03-18T19:07:46.741955,Enamorus,0.0016114999999999999,12583
2026-02,Reg F,smogon_chaos,2026-03-18T19:07:46.741955,Comfey,0.0015918,12944
2026-02,Reg F,smogon_chaos,2026-03-18T19:07:46.741955,Iron Moth,0.0015159,8582
2026-02,Reg F,smogon_chaos,2026-03-18T19:07:46.741955,Kilowattrel,0.0014519000000000001,15103
2026-02,Reg F,smogon_chaos,2026-03-18T19:07:46.741955,Ninetales,0.0014441,15692
2026-02,Reg F,smogon_chaos,2026-03-18T19:07:46.741955,Murkrow,0.0013736,13886
2026-02,Reg F,smogon_chaos,2026-03-18T19:07:46.741955,Salamence,0.0013274,12121
2026-02,Reg F,smogon_chaos,2026-03-18T19:07:46.741955,Torterra,0.0013261,3715
2026-02,Reg F,smogon_chaos,2026-03-18T19:07:46.741955,Wyrdeer,0.0012975,4288
2026-02,Reg F,smogon_chaos,2026-03-18T19:07:46.741955,Spectrier,0.0012297,5760
2026-02,Reg F,smogon_chaos,2026-03-18T19:07:46.741955,Hydrapple,0.0011431,5761
2026-02,Reg F,smogon_chaos,2026-03-18T19:07:46.741955,Mamoswine,0.00104,7732
2026-02,Reg F,smogon_chaos,2026-03-18T19:07:46.741955,Politoed,0.001031,25507
2026-02,Reg F,smogon_chaos,2026-03-18T19:07:46.741955,Tinkaton,0.0010144,10286
2026-02,Reg F,smogon_chaos,2026-03-18T19:07:46.741955,Gardevoir,0.0009985,7151
2026-02,Reg F,smogon_chaos,2026-03-18T19:07:46.741955,Sandy Shocks,0.0009977,5210
2026-02,Reg F,smogon_chaos,2026-03-18T19:07:46.741955,Frosmoth,0.000981,4378
2026-02,Reg F,smogon_chaos,2026-03-18T19:07:46.741955,Bruxish,0.0009505,3562
2026-02,Reg F,smogon_chaos,2026-03-18T19:07:46.741955,Umbreon,0.0009368,5282
2026-02,Reg F,smogon_chaos,2026-03-18T19:07:46.741955,Azumarill,0.0009101,8208
2026-02,Reg F,smogon_chaos,2026-03-18T19:07:46.741955,Overqwil,0.0008934,4997
2026-02,Reg F,smogon_chaos,2026-03-18T19:07:46.741955,Houndstone,0.0008862000000000001,2789
2026-02,Reg F,smogon_chaos,2026-03-18T19:07:46.741955,Magmar,0.0008661000000000001,6090
2026-02,Reg F,smogon_chaos,2026-03-18T19:07:46.741955,Dachsbun,0.0008611000000000001,3157
2026-02,Reg F,smogon_chaos,2026-03-18T19:07:46.741955,Alcremie,0.0008234,6729
2026-02,Reg F,smogon_chaos,2026-03-18T19:07:46.741955,Mienshao,0.0007943,3775
2026-02,Reg F,smogon_chaos,2026-03-18T19:07:46.741955,Exeggutor,0.0007905,4592
2026-02,Reg F,smogon_chaos,2026-03-18T19:07:46.741955,Slaking,0.0007796999999999999,10830
2026-02,Reg F,smogon_chaos,2026-03-18T19:07:46.741955,Gengar,0.0007716000000000001,7137
2026-02,Reg F,smogon_chaos,2026-03-18T19:07:46.741955,Hydreigon,0.0007683,8867
2026-02,Reg F,smogon_chaos,2026-03-18T19:07:46.741955,Decidueye-Hisui,0.0007426,3930
2026-02,Reg F,smogon_chaos,2026-03-18T19:07:46.741955,Chandelure,0.0007392999999999999,7962
2026-02,Reg F,smogon_chaos,2026-03-18T19:07:46.741955,Ceruledge,0.0007132,10625
2026-02,Reg F,smogon_chaos,2026-03-18T19:07:46.741955,Braviary,0.0006716,1881
2026-02,Reg F,smogon_chaos,2026-03-18T19:07:46.741955,Medicham,0.0006607000000000001,3635
2026-02,Reg F,smogon_chaos,2026-03-18T19:07:46.741955,Gliscor,0.0006516,5608
2026-02,Reg F,smogon_chaos,2026-03-18T19:07:46.741955,Sceptile,0.0006492000000000001,3069
2026-02,Reg F,smogon_chaos,2026-03-18T19:07:46.741955,Venusaur,0.0006433999999999999,11943
2026-02,Reg F,smogon_chaos,2026-03-18T19:07:46.741955,Meowscarada,0.0006422,9731
2026-02,Reg F,smogon_chaos,2026-03-18T19:07:46.741955,Klefki,0.0006199,4780
2026-02,Reg F,smogon_chaos,2026-03-18T19:07:46.741955,Slither Wing,0.0006194999999999999,6815
2026-02,Reg F,smogon_chaos,2026-03-18T19:07:46.741955,Palafin,0.0006113,9813
2026-02,Reg F,smogon_chaos,2026-03-18T19:07:46.741955,Charizard,0.0006082,12038
2026-02,Reg F,smogon_chaos,2026-03-18T19:07:46.741955,Blastoise,0.0005909999999999999,6057
2026-02,Reg F,smogon_chaos,2026-03-18T19:07:46.741955,Iron Jugulis,0.0005763999999999999,5401
2026-02,Reg F,smogon_chaos,2026-03-18T19:07:46.741955,Talonflame,0.0005761,14598
2026-02,Reg F,smogon_chaos,2026-03-18T19:07:46.741955,Vivillon,0.000576,4130
2026-02,Reg F,smogon_chaos,2026-03-18T19:07:46.741955,Sudowoodo,0.0005599,466
2026-02,Reg F,smogon_chaos,2026-03-18T19:07:46.741955,Snorlax,0.0005547,9148
2026-02,Reg F,smogon_chaos,2026-03-18T19:07:46.741955,Lapras,0.0005545,5623
2026-02,Reg F,smogon_chaos,2026-03-18T19:07:46.741955,Hitmontop,0.000552,7663
2026-02,Reg F,smogon_chaos,2026-03-18T19:07:46.741955,Dusclops,0.0005479,6744
2026-02,Reg F,smogon_chaos,2026-03-18T19:07:46.741955,Blaziken,0.0005378000000000001,6176
2026-02,Reg F,smogon_chaos,2026-03-18T19:07:46.741955,Jumpluff,0.0005281999999999999,5881
2026-02,Reg F,smogon_chaos,2026-03-18T19:07:46.741955,Regirock,0.0004902999999999999,2571
2026-02,Reg F,smogon_chaos,2026-03-18T19:07:46.741955,Mimikyu,0.0004892,8303
2026-02,Reg F,smogon_chaos,2026-03-18T19:07:46.741955,Lycanroc,0.0004792,1942
2026-02,Reg F,smogon_chaos,2026-03-18T19:07:46.741955,Kleavor,0.0004728,6192
2026-02,Reg F,smogon_chaos,2026-03-18T19:07:46.741955,Glastrier,0.0004588,9111
2026-02,Reg F,smogon_chaos,2026-03-18T19:07:46.741955,Clefable,0.0004485,5148
2026-02,Reg F,smogon_chaos,2026-03-18T19:07:46.741955,Suicune,0.0004453,7574
2026-02,Reg F,smogon_chaos,2026-03-18T19:07:46.741955,Basculegion-F,0.0004452,2501
2026-02,Reg F,smogon_chaos,2026-03-18T19:07:46.741955,Greninja,0.0004395,4234
2026-02,Reg F,smogon_chaos,2026-03-18T19:07:46.741955,Espathra,0.0004279,5317
2026-02,Reg F,smogon_chaos,2026-03-18T19:07:46.741955,Pawmot,0.0004276,4141
2026-02,Reg F,smogon_chaos,2026-03-18T19:07:46.741955,Iron Thorns,0.0004243,2440
2026-02,Reg F,smogon_chaos,2026-03-18T19:07:46.741955,Rhydon,0.000422,4345
2026-02,Reg F,smogon_chaos,2026-03-18T19:07:46.741955,Reuniclus,0.0004122,4396
2026-02,Reg F,smogon_chaos,2026-03-18T19:07:46.741955,Goodra,0.0003993,1526
2026-02,Reg F,smogon_chaos,2026-03-18T19:07:46.741955,Ribombee,0.0003983,5081
2026-02,Reg F,smogon_chaos,2026-03-18T19:07:46.741955,Cubchoo,0.00039539999999999996,134
2026-02,Reg F,smogon_chaos,2026-03-18T19:07:46.741955,Glaceon,0.000392,4144
2026-02,Reg F,smogon_chaos,2026-03-18T19:07:46.741955,Meowstic,0.0003898,5233
2026-02,Reg F,smogon_chaos,2026-03-18T19:07:46.741955,Raichu,0.0003861,12575
2026-02,Reg F,smogon_chaos,2026-03-18T19:07:46.741955,Iron Leaves,0.0003724,3476
2026-02,Reg F,smogon_chaos,2026-03-18T19:07:46.741955,Kingdra,0.000364,10979
2026-02,Reg F,smogon_chaos,2026-03-18T19:07:46.741955,Lucario,0.00035360000000000003,3991
2026-02,Reg F,smogon_chaos,2026-03-18T19:07:46.741955,Malamar,0.0003516,5241
2026-02,Reg F,smogon_chaos,2026-03-18T19:07:46.741955,Pachirisu,0.00034770000000000005,2652
2026-02,Reg F,smogon_chaos,2026-03-18T19:07:46.741955,Toedscruel,0.00034669999999999997,5842
2026-02,Reg F,smogon_chaos,2026-03-18T19:07:46.741955,Tornadus-Therian,0.0003413,2275
2026-02,Reg F,smogon_chaos,2026-03-18T19:07:46.741955,Arboliva,0.00033820000000000003,5849
2026-02,Reg F,smogon_chaos,2026-03-18T19:07:46.741955,Swampert,0.0003264,3739
2026-02,Reg F,smogon_chaos,2026-03-18T19:07:46.741955,Rotom-Wash,0.0003102,4764
2026-02,Reg F,smogon_chaos,2026-03-18T19:07:46.741955,Chesnaught,0.0003078,2745
2026-02,Reg F,smogon_chaos,2026-03-18T19:07:46.741955,Electabuzz,0.0002897,6202
2026-02,Reg F,smogon_chaos,2026-03-18T19:07:46.741955,Scyther,0.0002894,2574
2026-02,Reg F,smogon_chaos,2026-03-18T19:07:46.741955,Flygon,0.0002775,1432
2026-02,Reg F,smogon_chaos,2026-03-18T19:07:46.741955,Oricorio-Sensu,0.0002723,2809
2026-02,Reg F,smogon_chaos,2026-03-18T19:07:46.741955,Koffing,0.0002703,205
2026-02,Reg F,smogon_chaos,2026-03-18T19:07:46.741955,Grafaiai,0.00026270000000000004,4130
2026-02,Reg F,smogon_chaos,2026-03-18T19:07:46.741955,Misdreavus,0.0002605,1058
2026-02,Reg F,smogon_chaos,2026-03-18T19:07:46.741955,Decidueye,0.00025340000000000003,1053
2026-02,Reg F,smogon_chaos,2026-03-18T19:07:46.741955,Toxapex,0.0002468,7373
2026-02,Reg F,smogon_chaos,2026-03-18T19:07:46.741955,Raikou,0.000246,3260
2026-02,Reg F,smogon_chaos,2026-03-18T19:07:46.741955,Ludicolo,0.00024,3408
2026-02,Reg F,smogon_chaos,2026-03-18T19:07:46.741955,Serperior,0.00023879999999999998,5515
2026-02,Reg F,smogon_chaos,2026-03-18T19:07:46.741955,Vikavolt,0.0002386,4026
2026-02,Reg F,smogon_chaos,2026-03-18T19:07:46.741955,Ditto,0.0002371,5027
2026-02,Reg F,smogon_chaos,2026-03-18T19:07:46.741955,Leafeon,0.00023040000000000002,1169
2026-02,Reg F,smogon_chaos,2026-03-18T19:07:46.741955,Shiftry,0.00022960000000000002,3782
2026-02,Reg F,smogon_chaos,2026-03-18T19:07:46.741955,Hariyama,0.0002254,2543
2026-02,Reg F,smogon_chaos,2026-03-18T19:07:46.741955,Golurk,0.0002205,3011
2026-02,Reg F,smogon_chaos,2026-03-18T19:07:46.741955,Dudunsparce,0.0002173,3365
2026-02,Reg F,smogon_chaos,2026-03-18T19:07:46.741955,Slowbro-Galar,0.0002152,1611
2026-02,Reg F,smogon_chaos,2026-03-18T19:07:46.741955,Slowking,0.0002101,2802
2026-02,Reg F,smogon_chaos,2026-03-18T19:07:46.741955,Weavile,0.00020449999999999998,3655
2026-02,Reg F,smogon_chaos,2026-03-18T19:07:46.741955,Bisharp,0.0002033,3584
2026-02,Reg F,smogon_chaos,2026-03-18T19:07:46.741955,Clodsire,0.0002031,4899
2026-02,Reg F,smogon_chaos,2026-03-18T19:07:46.741955,Rabsca,0.0002029,2262
2026-02,Reg F,smogon_chaos,2026-03-18T19:07:46.741955,Porygon-Z,0.000201,2896
2026-02,Reg F,smogon_chaos,2026-03-18T19:07:46.741955,Coalossal,0.0002008,2120
2026-02,Reg F,smogon_chaos,2026-03-18T19:07:46.741955,Scrafty,0.0002004,5331
2026-02,Reg F,smogon_chaos,2026-03-18T19:07:46.741955,Scovillain,0.00019789999999999999,2827
2026-02,Reg F,smogon_chaos,2026-03-18T19:07:46.741955,Golem-Alola,0.00019130000000000001,2559
2026-02,Reg F,smogon_chaos,2026-03-18T19:07:46.741955,Uxie,0.00018419999999999998,1118
2026-02,Reg F,smogon_chaos,2026-03-18T19:07:46.741955,Cyclizar,0.0001753,1435
2026-02,Reg F,smogon_chaos,2026-03-18T19:07:46.741955,Hippowdon,0.0001747,2053
2026-02,Reg F,smogon_chaos,2026-03-18T19:07:46.741955,Toxtricity,0.000172,4692
2026-02,Reg F,smogon_chaos,2026-03-18T19:07:46.741955,Salazzle,0.0001676,1527
2026-02,Reg F,smogon_chaos,2026-03-18T19:07:46.741955,Moltres,0.0001642,1863
2026-02,Reg F,smogon_chaos,2026-03-18T19:07:46.741955,Jolteon,0.0001626,3406
2026-02,Reg F,smogon_chaos,2026-03-18T19:07:46.741955,Pincurchin,0.00016240000000000002,7405
2026-02,Reg F,smogon_chaos,2026-03-18T19:07:46.741955,Yanmega,0.0001618,2854
2026-02,Reg F,smogon_chaos,2026-03-18T19:07:46.741955,Conkeldurr,0.0001613,4299
2026-02,Reg F,smogon_chaos,2026-03-18T19:07:46.741955,Tauros-Paldea-Blaze,0.0001566,1498
2026-02,Reg F,smogon_chaos,2026-03-18T19:07:46.741955,Masquerain,0.00015549999999999999,1536
2026-02,Reg F,smogon_chaos,2026-03-18T19:07:46.741955,Perrserker,0.0001491,1888
2026-02,Reg F,smogon_chaos,2026-03-18T19:07:46.741955,Dragalge,0.0001484,2344
2026-02,Reg F,smogon_chaos,2026-03-18T19:07:46.741955,Mandibuzz,0.0001471,991
2026-02,Reg F,smogon_chaos,2026-03-18T19:07:46.741955,Avalugg,0.0001417,713
2026-02,Reg F,smogon_chaos,2026-03-18T19:07:46.741955,Primeape,0.0001386,1105
2026-02,Reg F,smogon_chaos,2026-03-18T19:07:46.741955,Slowbro,0.0001373,2870
2026-02,Reg F,smogon_chaos,2026-03-18T19:07:46.741955,Electrode-Hisui,0.0001326,2683
2026-02,Reg F,smogon_chaos,2026-03-18T19:07:46.741955,Lurantis,0.0001298,2979
2026-02,Reg F,smogon_chaos,2026-03-18T19:07:46.741955,Abomasnow,0.00012550000000000001,5581
2026-02,Reg F,smogon_chaos,2026-03-18T19:07:46.741955,Venonat,0.00012409999999999998,1673
2026-02,Reg F,smogon_chaos,2026-03-18T19:07:46.741955,Slowking-Galar,0.0001197,3916
2026-02,Reg F,smogon_chaos,2026-03-18T19:07:46.741955,Illumise,0.00011910000000000001,3736
2026-02,Reg F,smogon_chaos,2026-03-18T19:07:46.741955,Cramorant,0.0001188,657
2026-02,Reg F,smogon_chaos,2026-03-18T19:07:46.741955,Riolu,0.0001173,3160
2026-02,Reg F,smogon_chaos,2026-03-18T19:07:46.741955,Thwackey,0.00011650000000000001,408
2026-02,Reg F,smogon_chaos,2026-03-18T19:07:46.741955,Cetitan,0.00011520000000000001,2905
2026-02,Reg F,smogon_chaos,2026-03-18T19:07:46.741955,Skeledirge,0.0001141,5869
2026-02,Reg F,smogon_chaos,2026-03-18T19:07:46.741955,Bastiodon,0.00011310000000000001,1740
2026-02,Reg F,smogon_chaos,2026-03-18T19:07:46.741955,Rotom-Heat,0.0001094,1715
2026-02,Reg F,smogon_chaos,2026-03-18T19:07:46.741955,Lokix,0.0001081,2166
2026-02,Reg F,smogon_chaos,2026-03-18T19:07:46.741955,Tauros-Paldea-Aqua,0.0001065,1954
2026-02,Reg F,smogon_chaos,2026-03-18T19:07:46.741955,Floatzel,0.0001043,1334
2026-02,Reg F,smogon_chaos,2026-03-18T19:07:46.741955,Lilligant,0.0001021,2365
2026-02,Reg F,smogon_chaos,2026-03-18T19:07:46.741955,Ambipom,0.00010200000000000001,3350
2026-02,Reg I,smogon_chaos,2026-03-18T19:08:03.167675,Incineroar,0.5078203,192534
2026-02,Reg I,smogon_chaos,2026-03-18T19:08:03.167675,Calyrex-Shadow,0.34561210000000003,121632
2026-02,Reg I,smogon_chaos,2026-03-18T19:08:03.167675,Calyrex-Ice,0.3088483,115192
2026-02,Reg I,smogon_chaos,2026-03-18T19:08:03.167675,Rillaboom,0.3008059,89608
2026-02,Reg I,smogon_chaos,2026-03-18T19:08:03.167675,Urshifu-Rapid-Strike,0.2929626,110875
2026-02,Reg I,smogon_chaos,2026-03-18T19:08:03.167675,Miraidon,0.2857559,137330
2026-02,Reg I,smogon_chaos,2026-03-18T19:08:03.167675,Zamazenta-Crowned,0.2539053,65869
2026-02,Reg I,smogon_chaos,2026-03-18T19:08:03.167675,Raging Bolt,0.2480583,45322
2026-02,Reg I,smogon_chaos,2026-03-18T19:08:03.167675,Amoonguss,0.2068837,79908
2026-02,Reg I,smogon_chaos,2026-03-18T19:08:03.167675,Flutter Mane,0.1968941,89226
2026-02,Reg I,smogon_chaos,2026-03-18T19:08:03.167675,Kyogre,0.1829968,77592
2026-02,Reg I,smogon_chaos,2026-03-18T19:08:03.167675,Koraidon,0.1721394,80401
2026-02,Reg I,smogon_chaos,2026-03-18T19:08:03.167675,Chien-Pao,0.15139709999999998,40369
2026-02,Reg I,smogon_chaos,2026-03-18T19:08:03.167675,Landorus,0.15055110000000002,41054
2026-02,Reg I,smogon_chaos,2026-03-18T19:08:03.167675,Smeargle,0.1499528,39069
2026-02,Reg I,smogon_chaos,2026-03-18T19:08:03.167675,Whimsicott,0.143817,76663
2026-02,Reg I,smogon_chaos,2026-03-18T19:08:03.167675,Lunala,0.1354211,62838
2026-02,Reg I,smogon_chaos,2026-03-18T19:08:03.167675,Tornadus,0.11669750000000001,70852
2026-02,Reg I,smogon_chaos,2026-03-18T19:08:03.167675,Grimmsnarl,0.1031851,46817
2026-02,Reg I,smogon_chaos,2026-03-18T19:08:03.167675,Farigiraf,0.0846153,58412
2026-02,Reg I,smogon_chaos,2026-03-18T19:08:03.167675,Chi-Yu,0.0838266,38572
2026-02,Reg I,smogon_chaos,2026-03-18T19:08:03.167675,Terapagos,0.0836611,27451
2026-02,Reg I,smogon_chaos,2026-03-18T19:08:03.167675,Indeedee-F,0.08324159999999999,66459
2026-02,Reg I,smogon_chaos,2026-03-18T19:08:03.167675,Ho-Oh,0.078255,14866
2026-02,Reg I,smogon_chaos,2026-03-18T19:08:03.167675,Urshifu,0.0706174,28298
2026-02,Reg I,smogon_chaos,2026-03-18T19:08:03.167675,Iron Hands,0.0669488,40954
2026-02,Reg I,smogon_chaos,2026-03-18T19:08:03.167675,Rhydon,0.0665723,1895
2026-02,Reg I,smogon_chaos,2026-03-18T19:08:03.167675,Ursaluna,0.0665381,46992
2026-02,Reg I,smogon_chaos,2026-03-18T19:08:03.167675,Volcarona,0.065996,20180
2026-02,Reg I,smogon_chaos,2026-03-18T19:08:03.167675,Ogerpon-Cornerstone,0.062766,20128
2026-02,Reg I,smogon_chaos,2026-03-18T19:08:03.167675,Groudon,0.061542700000000006,32520
2026-02,Reg I,smogon_chaos,2026-03-18T19:08:03.167675,Brute Bonnet,0.0575293,25751
2026-02,Reg I,smogon_chaos,2026-03-18T19:08:03.167675,Dragonite,0.0565092,12462
2026-02,Reg I,smogon_chaos,2026-03-18T19:08:03.167675,Ogerpon-Hearthflame,0.0530312,22785
2026-02,Reg I,smogon_chaos,2026-03-18T19:08:03.167675,Zacian-Crowned,0.0477116,24177
2026-02,Reg I,smogon_chaos,2026-03-18T19:08:03.167675,Clefairy,0.0432407,17663
2026-02,Reg I,smogon_chaos,2026-03-18T19:08:03.167675,Iron Jugulis,0.035337900000000005,7529
2026-02,Reg I,smogon_chaos,2026-03-18T19:08:03.167675,Dondozo,0.028579300000000002,7176
2026-02,Reg I,smogon_chaos,2026-03-18T19:08:03.167675,Ting-Lu,0.0275413,8678
2026-02,Reg I,smogon_chaos,2026-03-18T19:08:03.167675,Torkoal,0.0246728,18404
2026-02,Reg I,smogon_chaos,2026-03-18T19:08:03.167675,Tatsugiri,0.022317399999999998,5577
2026-02,Reg I,smogon_chaos,2026-03-18T19:08:03.167675,Ogerpon-Wellspring,0.0213478,19792
2026-02,Reg I,smogon_chaos,2026-03-18T19:08:03.167675,Pelipper,0.0210941,11510
2026-02,Reg I,smogon_chaos,2026-03-18T19:08:03.167675,Maushold,0.019737,5842
2026-02,Reg I,smogon_chaos,2026-03-18T19:08:03.167675,Roaring Moon,0.018963,7641
2026-02,Reg I,smogon_chaos,2026-03-18T19:08:03.167675,Iron Treads,0.0168203,6840
2026-02,Reg I,smogon_chaos,2026-03-18T19:08:03.167675,Ursaluna-Bloodmoon,0.0166456,22841
2026-02,Reg I,smogon_chaos,2026-03-18T19:08:03.167675,Iron Valiant,0.016440200000000002,8656
2026-02,Reg I,smogon_chaos,2026-03-18T19:08:03.167675,Sinistcha,0.016288,11045
2026-02,Reg I,smogon_chaos,2026-03-18T19:08:03.167675,Gouging Fire,0.013963699999999999,3146
2026-02,Reg I,smogon_chaos,2026-03-18T19:08:03.167675,Walking Wake,0.0137456,12590
2026-02,Reg I,smogon_chaos,2026-03-18T19:08:03.167675,Weezing-Galar,0.013520700000000002,7893
2026-02,Reg I,smogon_chaos,2026-03-18T19:08:03.167675,Sneasler,0.012573399999999998,9017
2026-02,Reg I,smogon_chaos,2026-03-18T19:08:03.167675,Ditto,0.0112247,7659
2026-02,Reg I,smogon_chaos,2026-03-18T19:08:03.167675,Wo-Chien,0.0104294,3772
2026-02,Reg I,smogon_chaos,2026-03-18T19:08:03.167675,Iron Bundle,0.0103426,9722
2026-02,Reg I,smogon_chaos,2026-03-18T19:08:03.167675,Scream Tail,0.0101428,5853
2026-02,Reg I,smogon_chaos,2026-03-18T19:08:03.167675,Annihilape,0.0087404,10162
2026-02,Reg I,smogon_chaos,2026-03-18T19:08:03.167675,Basculegion,0.0086887,6670
2026-02,Reg I,smogon_chaos,2026-03-18T19:08:03.167675,Flamigo,0.0075788999999999995,6269
2026-02,Reg I,smogon_chaos,2026-03-18T19:08:03.167675,Sylveon,0.007522999999999999,1332
2026-02,Reg I,smogon_chaos,2026-03-18T19:08:03.167675,Archaludon,0.0071251,15164
2026-02,Reg I,smogon_chaos,2026-03-18T19:08:03.167675,Ceruledge,0.0069365,4345
2026-02,Reg I,smogon_chaos,2026-03-18T19:08:03.167675,Sableye,0.0066286,9112
2026-02,Reg I,smogon_chaos,2026-03-18T19:08:03.167675,Muk-Alola,0.005354299999999999,6378
2026-02,Reg I,smogon_chaos,2026-03-18T19:08:03.167675,Rayquaza,0.0046045999999999995,6323
2026-02,Reg I,smogon_chaos,2026-03-18T19:08:03.167675,Comfey,0.004466,2131
2026-02,Reg I,smogon_chaos,2026-03-18T19:08:03.167675,Landorus-Therian,0.004378,7141
2026-02,Reg I,smogon_chaos,2026-03-18T19:08:03.167675,Kingambit,0.0040133,9399
2026-02,Reg I,smogon_chaos,2026-03-18T19:08:03.167675,Eternatus,0.0038724999999999996,5813
2026-02,Reg I,smogon_chaos,2026-03-18T19:08:03.167675,Jumpluff,0.0037681,4008
2026-02,Reg I,smogon_chaos,2026-03-18T19:08:03.167675,Ogerpon,0.0034704000000000002,1834
2026-02,Reg I,smogon_chaos,2026-03-18T19:08:03.167675,Glimmora,0.0034046,2104
2026-02,Reg I,smogon_chaos,2026-03-18T19:08:03.167675,Oranguru,0.0032846999999999998,5519
2026-02,Reg I,smogon_chaos,2026-03-18T19:08:03.167675,Gyarados,0.0031308000000000004,1627
2026-02,Reg I,smogon_chaos,2026-03-18T19:08:03.167675,Iron Moth,0.0031168000000000003,2985
2026-02,Reg I,smogon_chaos,2026-03-18T19:08:03.167675,Dialga-Origin,0.0030536,5706
2026-02,Reg I,smogon_chaos,2026-03-18T19:08:03.167675,Scraggy,0.0029545,2128
2026-02,Reg I,smogon_chaos,2026-03-18T19:08:03.167675,Tyranitar,0.0029274,6140
2026-02,Reg I,smogon_chaos,2026-03-18T19:08:03.167675,Necrozma-Dawn-Wings,0.002869,4336
2026-02,Reg I,smogon_chaos,2026-03-18T19:08:03.167675,Raichu,0.00262,6012
2026-02,Reg I,smogon_chaos,2026-03-18T19:08:03.167675,Necrozma-Dusk-Mane,0.0025772,3897
2026-02,Reg I,smogon_chaos,2026-03-18T19:08:03.167675,Giratina-Origin,0.0025451000000000002,4561
2026-02,Reg I,smogon_chaos,2026-03-18T19:08:03.167675,Heatran,0.0024661,3779
2026-02,Reg I,smogon_chaos,2026-03-18T19:08:03.167675,Zapdos-Galar,0.0023061,1756
2026-02,Reg I,smogon_chaos,2026-03-18T19:08:03.167675,Hitmontop,0.0022102,2916
2026-02,Reg I,smogon_chaos,2026-03-18T19:08:03.167675,Moltres-Galar,0.0021648,2546
2026-02,Reg I,smogon_chaos,2026-03-18T19:08:03.167675,Kyurem-White,0.0021208,6545
2026-02,Reg I,smogon_chaos,2026-03-18T19:08:03.167675,Regieleki,0.002061,4471
2026-02,Reg I,smogon_chaos,2026-03-18T19:08:03.167675,Okidogi,0.0020502000000000003,1482
2026-02,Reg I,smogon_chaos,2026-03-18T19:08:03.167675,Umbreon,0.002045,1171
2026-02,Reg I,smogon_chaos,2026-03-18T19:08:03.167675,Zoroark-Hisui,0.0020246,4147
2026-02,Reg I,smogon_chaos,2026-03-18T19:08:03.167675,Cresselia,0.0019983,7015
2026-02,Reg I,smogon_chaos,2026-03-18T19:08:03.167675,Ninetales-Alola,0.0019622,8528
2026-02,Reg I,smogon_chaos,2026-03-18T19:08:03.167675,Tsareena,0.0019484,2454
2026-02,Reg I,smogon_chaos,2026-03-18T19:08:03.167675,Lugia,0.0018411,3285
2026-02,Reg I,smogon_chaos,2026-03-18T19:08:03.167675,Toxapex,0.0018183,2612
2026-02,Reg I,smogon_chaos,2026-03-18T19:08:03.167675,Araquanid,0.0017573,2851
2026-02,Reg I,smogon_chaos,2026-03-18T19:08:03.167675,Gothitelle,0.0017208000000000002,5816
2026-02,Reg I,smogon_chaos,2026-03-18T19:08:03.167675,Gallade,0.0016225,2945
2026-02,Reg I,smogon_chaos,2026-03-18T19:08:03.167675,Entei,0.001598,2796
2026-02,Reg I,smogon_chaos,2026-03-18T19:08:03.167675,Mienshao,0.0015973,1996
2026-02,Reg I,smogon_chaos,2026-03-18T19:08:03.167675,Arcanine-Hisui,0.0015905,3389
2026-02,Reg I,smogon_chaos,2026-03-18T19:08:03.167675,Avalugg-Hisui,0.0015143,654
2026-02,Reg I,smogon_chaos,2026-03-18T19:08:03.167675,Reshiram,0.0015137,3447
2026-02,Reg I,smogon_chaos,2026-03-18T19:08:03.167675,Garganacl,0.0014763,3485
2026-02,Reg I,smogon_chaos,2026-03-18T19:08:03.167675,Electabuzz,0.0014582999999999998,1330
2026-02,Reg I,smogon_chaos,2026-03-18T19:08:03.167675,Solgaleo,0.0014235,2538
2026-02,Reg I,smogon_chaos,2026-03-18T19:08:03.167675,Raichu-Alola,0.0014025,2449
2026-02,Reg I,smogon_chaos,2026-03-18T19:08:03.167675,Spiritomb,0.0013461,424
2026-02,Reg I,smogon_chaos,2026-03-18T19:08:03.167675,Dusclops,0.0013032,1464
2026-02,Reg I,smogon_chaos,2026-03-18T19:08:03.167675,Dugtrio,0.0012794,285
2026-02,Reg I,smogon_chaos,2026-03-18T19:08:03.167675,Porygon2,0.0012734,4522
2026-02,Reg I,smogon_chaos,2026-03-18T19:08:03.167675,Talonflame,0.0012642999999999999,3878
2026-02,Reg I,smogon_chaos,2026-03-18T19:08:03.167675,Murkrow,0.0012485,3932
2026-02,Reg I,smogon_chaos,2026-03-18T19:08:03.167675,Lilligant-Hisui,0.0012433,4800
2026-02,Reg I,smogon_chaos,2026-03-18T19:08:03.167675,Gastrodon,0.0012223,4307
2026-02,Reg I,smogon_chaos,2026-03-18T19:08:03.167675,Pawmot,0.0012092,652
2026-02,Reg I,smogon_chaos,2026-03-18T19:08:03.167675,Regidrago,0.0011167,1521
2026-02,Reg I,smogon_chaos,2026-03-18T19:08:03.167675,Thundurus,0.0010169,3436
2026-02,Reg I,smogon_chaos,2026-03-18T19:08:03.167675,Armarouge,0.0010126,4290
2026-02,Reg I,smogon_chaos,2026-03-18T19:08:03.167675,Bruxish,0.0010104,697
2026-02,Reg I,smogon_chaos,2026-03-18T19:08:03.167675,Primarina,0.000988,3767
2026-02,Reg I,smogon_chaos,2026-03-18T19:08:03.167675,Hatterene,0.0009722,4810
2026-02,Reg I,smogon_chaos,2026-03-18T19:08:03.167675,Alcremie,0.0009628000000000001,2313
2026-02,Reg I,smogon_chaos,2026-03-18T19:08:03.167675,Venusaur,0.0009429999999999999,4683
2026-02,Reg I,smogon_chaos,2026-03-18T19:08:03.167675,Gholdengo,0.0009385,8286
2026-02,Reg I,smogon_chaos,2026-03-18T19:08:03.167675,Excadrill,0.0009317,2170
2026-02,Reg I,smogon_chaos,2026-03-18T19:08:03.167675,Chesnaught,0.0008885999999999999,844
2026-02,Reg I,smogon_chaos,2026-03-18T19:08:03.167675,Gardevoir,0.0008681,686
2026-02,Reg I,smogon_chaos,2026-03-18T19:08:03.167675,Palkia,0.0008523,2213
2026-02,Reg I,smogon_chaos,2026-03-18T19:08:03.167675,Rhyperior,0.0007875,1476
2026-02,Reg I,smogon_chaos,2026-03-18T19:08:03.167675,Charizard,0.0007778,3790
2026-02,Reg I,smogon_chaos,2026-03-18T19:08:03.167675,Slither Wing,0.0007700999999999999,1039
2026-02,Reg I,smogon_chaos,2026-03-18T19:08:03.167675,Zacian,0.0007169,280
2026-02,Reg I,smogon_chaos,2026-03-18T19:08:03.167675,Bronzong,0.0006923999999999999,1491
2026-02,Reg I,smogon_chaos,2026-03-18T19:08:03.167675,Pachirisu,0.0006565999999999999,1016
2026-02,Reg I,smogon_chaos,2026-03-18T19:08:03.167675,Slaking,0.0006547,1113
2026-02,Reg I,smogon_chaos,2026-03-18T19:08:03.167675,Frosmoth,0.0006532,450
2026-02,Reg I,smogon_chaos,2026-03-18T19:08:03.167675,Rotom-Wash,0.0006443999999999999,916
2026-02,Reg I,smogon_chaos,2026-03-18T19:08:03.167675,Tinkaton,0.0006411,1148
2026-02,Reg I,smogon_chaos,2026-03-18T19:08:03.167675,Dialga,0.0006207,1056
2026-02,Reg I,smogon_chaos,2026-03-18T19:08:03.167675,Indeedee,0.0006111,3786
2026-02,Reg I,smogon_chaos,2026-03-18T19:08:03.167675,Electivire,0.0005868000000000001,596
2026-02,Reg I,smogon_chaos,2026-03-18T19:08:03.167675,Iron Crown,0.0005509,2479
2026-02,Reg I,smogon_chaos,2026-03-18T19:08:03.167675,Iron Boulder,0.0005327,1137
2026-02,Reg I,smogon_chaos,2026-03-18T19:08:03.167675,Ludicolo,0.0005260999999999999,1774
2026-02,Reg I,smogon_chaos,2026-03-18T19:08:03.167675,Iron Leaves,0.0005082,1024
2026-02,Reg I,smogon_chaos,2026-03-18T19:08:03.167675,Charjabug,0.0004829,1020
2026-02,Reg I,smogon_chaos,2026-03-18T19:08:03.167675,Politoed,0.00047509999999999995,1737
2026-02,Reg I,smogon_chaos,2026-03-18T19:08:03.167675,Scrafty,0.00047260000000000005,1264
2026-02,Reg I,smogon_chaos,2026-03-18T19:08:03.167675,Weezing,0.0004444,2502
2026-02,Reg I,smogon_chaos,2026-03-18T19:08:03.167675,Mewtwo,0.000421,2626
2026-02,Reg I,smogon_chaos,2026-03-18T19:08:03.167675,Dragapult,0.00041349999999999997,3481
2026-02,Reg I,smogon_chaos,2026-03-18T19:08:03.167675,Palkia-Origin,0.00040169999999999995,2652
2026-02,Reg I,smogon_chaos,2026-03-18T19:08:03.167675,Zapdos,0.00039559999999999997,1714
2026-02,Reg I,smogon_chaos,2026-03-18T19:08:03.167675,Illumise,0.0003904,500
2026-02,Reg I,smogon_chaos,2026-03-18T19:08:03.167675,Kyurem-Black,0.0003882,2256
2026-02,Reg I,smogon_chaos,2026-03-18T19:08:03.167675,Luxray,0.0003748,444
2026-02,Reg I,smogon_chaos,2026-03-18T19:08:03.167675,Thundurus-Therian,0.0003721,1227
2026-02,Reg I,smogon_chaos,2026-03-18T19:08:03.167675,Drifblim,0.0003613,1077
2026-02,Reg I,smogon_chaos,2026-03-18T19:08:03.167675,Zamazenta,0.0003576,734
2026-02,Reg I,smogon_chaos,2026-03-18T19:08:03.167675,Arboliva,0.0003559,524
2026-02,Reg I,smogon_chaos,2026-03-18T19:08:03.167675,Riolu,0.0003474,1254
2026-02,Reg I,smogon_chaos,2026-03-18T19:08:03.167675,Golem-Alola,0.000344,896
2026-02,Reg I,smogon_chaos,2026-03-18T19:08:03.167675,Bellibolt,0.00033459999999999995,232
2026-02,Reg I,smogon_chaos,2026-03-18T19:08:03.167675,Azumarill,0.00033329999999999997,1668
2026-02,Reg I,smogon_chaos,2026-03-18T19:08:03.167675,Kingdra,0.000327,1922
2026-02,Reg I,smogon_chaos,2026-03-18T19:08:03.167675,Inkay,0.000317,17
2026-02,Reg I,smogon_chaos,2026-03-18T19:08:03.167675,Pincurchin,0.00030439999999999997,778
2026-02,Reg I,smogon_chaos,2026-03-18T19:08:03.167675,Shiftry,0.0002952,503
2026-02,Reg I,smogon_chaos,2026-03-18T19:08:03.167675,Overqwil,0.0002834,1179
2026-02,Reg I,smogon_chaos,2026-03-18T19:08:03.167675,Salamence,0.0002764,1339
2026-02,Reg I,smogon_chaos,2026-03-18T19:08:03.167675,Garchomp,0.0002759,3672
2026-02,Reg I,smogon_chaos,2026-03-18T19:08:03.167675,Scizor,0.0002687,1654
2026-02,Reg I,smogon_chaos,2026-03-18T19:08:03.167675,Scovillain,0.0002667,1173
2026-02,Reg I,smogon_chaos,2026-03-18T19:08:03.167675,Regigigas,0.0002659,2086
2026-02,Reg I,smogon_chaos,2026-03-18T19:08:03.167675,Sandy Shocks,0.00025979999999999997,935
2026-02,Reg I,smogon_chaos,2026-03-18T19:08:03.167675,Golduck,0.0002592,348
2026-02,Reg I,smogon_chaos,2026-03-18T19:08:03.167675,Great Tusk,0.0002548,1968
2026-02,Reg I,smogon_chaos,2026-03-18T19:08:03.167675,Mimikyu,0.0002532,2085
2026-02,Reg I,smogon_chaos,2026-03-18T19:08:03.167675,Goodra-Hisui,0.0002459,1460
2026-02,Reg I,smogon_chaos,2026-03-18T19:08:03.167675,Slowking-Galar,0.0002387,1081
2026-02,Reg I,smogon_chaos,2026-03-18T19:08:03.167675,Baxcalibur,0.0002288,1394
2026-02,Reg I,smogon_chaos,2026-03-18T19:08:03.167675,Hydrapple,0.0002285,1219
2026-02,Reg I,smogon_chaos,2026-03-18T19:08:03.167675,Articuno,0.0002202,1217
2026-02,Reg I,smogon_chaos,2026-03-18T19:08:03.167675,Luvdisc,0.0002023,183
2026-02,Reg I,smogon_chaos,2026-03-18T19:08:03.167675,Typhlosion-Hisui,0.0001992,2729
2026-02,Reg I,smogon_chaos,2026-03-18T19:08:03.167675,Abomasnow,0.0001959,1082
2026-02,Reg I,smogon_chaos,2026-03-18T19:08:03.167675,Squawkabilly,0.0001943,70
2026-02,Reg I,smogon_chaos,2026-03-18T19:08:03.167675,Zekrom,0.0001912,1433
2026-02,Reg I,smogon_chaos,2026-03-18T19:08:03.167675,Wyrdeer,0.00018790000000000001,308
2026-02,Reg I,smogon_chaos,2026-03-18T19:08:03.167675,Cobalion,0.00017999999999999998,299
2026-02,Reg I,smogon_chaos,2026-03-18T19:08:03.167675,Suicune,0.0001786,783
2026-02,Reg I,smogon_chaos,2026-03-18T19:08:03.167675,Glastrier,0.0001746,387
2026-02,Reg I,smogon_chaos,2026-03-18T19:08:03.167675,Swampert,0.0001745,1751
2026-02,Reg I,smogon_chaos,2026-03-18T19:08:03.167675,Enamorus-Therian,0.0001706,838
2026-02,Reg I,smogon_chaos,2026-03-18T19:08:03.167675,Mandibuzz,0.0001685,178
2026-02,Reg I,smogon_chaos,2026-03-18T19:08:03.167675,Exeggutor,0.0001529,473
2026-02,Reg I,smogon_chaos,2026-03-18T19:08:03.167675,Giratina,0.0001445,1273
2026-02,Reg I,smogon_chaos,2026-03-18T19:08:03.167675,Meowstic,0.00014340000000000002,766
2026-02,Reg I,smogon_chaos,2026-03-18T19:08:03.167675,Volbeat,0.0001393,834
2026-02,Reg I,smogon_chaos,2026-03-18T19:08:03.167675,Klefki,0.0001368,909
2026-02,Reg I,smogon_chaos,2026-03-18T19:08:03.167675,Metagross,0.00013639999999999998,1522
2026-02,Reg I,smogon_chaos,2026-03-18T19:08:03.167675,Lycanroc,0.0001319,123
2026-02,Reg I,smogon_chaos,2026-03-18T19:08:03.167675,Snorlax,0.0001297,1299
2026-02,Reg I,smogon_chaos,2026-03-18T19:08:03.167675,Palafin,0.0001281,1397
2026-02,Reg I,smogon_chaos,2026-03-18T19:08:03.167675,Magmar,0.0001269,734
2026-02,Reg I,smogon_chaos,2026-03-18T19:08:03.167675,Pikachu,0.0001236,934
2026-02,Reg I,smogon_chaos,2026-03-18T19:08:03.167675,Sceptile,0.0001202,940
2026-02,Reg I,smogon_chaos,2026-03-18T19:08:03.167675,Clodsire,0.0001202,1061
2026-02,Reg I,smogon_chaos,2026-03-18T19:08:03.167675,Gliscor,0.0001197,1180
2026-02,Reg I,smogon_chaos,2026-03-18T19:08:03.167675,Slowbro-Galar,0.00011910000000000001,243
2026-02,Reg I,smogon_chaos,2026-03-18T19:08:03.167675,Brambleghast,0.0001171,91
2026-02,Reg I,smogon_chaos,2026-03-18T19:08:03.167675,Clefable,0.00011570000000000001,1409
2026-02,Reg I,smogon_chaos,2026-03-18T19:08:03.167675,Vikavolt,0.0001156,433
2026-02,Reg I,smogon_chaos,2026-03-18T19:08:03.167675,Toedscruel,0.00011509999999999999,1271
2026-02,Reg I,smogon_chaos,2026-03-18T19:08:03.167675,Hitmonlee,0.00010970000000000001,538
2026-02,Reg I,smogon_chaos,2026-03-18T19:08:03.167675,Torterra,0.0001091,1505
2026-02,Reg I,smogon_chaos,2026-03-18T19:08:03.167675,Serperior,0.0001072,1506
2026-02,Reg I,smogon_chaos,2026-03-18T19:08:03.167675,Latios,0.0001059,544
2026-02,Reg I,smogon_chaos,2026-03-18T19:08:03.167675,Articuno-Galar,0.00010370000000000001,861
2026-02,Reg I,smogon_chaos,2026-03-18T19:08:03.167675,Blastoise,0.0001022,777
2026-02,Reg I,smogon_chaos,2026-03-18T19:08:03.167675,Lilligant,0.0001019,703
2026-02,Reg I,smogon_chaos,2026-03-18T19:08:03.167675,Arcanine,0.0001017,1102
2026-01,Reg I,smogon_chaos,2026-03-21T16:48:33.310905,Incineroar,0.4226981,177738
2026-01,Reg I,smogon_chaos,2026-03-21T16:48:33.310905,Calyrex-Shadow,0.3898208,113885
2026-01,Reg I,smogon_chaos,2026-03-21T16:48:33.310905,Calyrex-Ice,0.32075960000000003,97837
2026-01,Reg I,smogon_chaos,2026-03-21T16:48:33.310905,Miraidon,0.2891274,119760
2026-01,Reg I,smogon_chaos,2026-03-21T16:48:33.310905,Rillaboom,0.2869558,80230
2026-01,Reg I,smogon_chaos,2026-03-21T16:48:33.310905,Urshifu-Rapid-Strike,0.2808949,96081
2026-01,Reg I,smogon_chaos,2026-03-21T16:48:33.310905,Zamazenta-Crowned,0.21705829999999998,60285
2026-01,Reg I,smogon_chaos,2026-03-21T16:48:33.310905,Amoonguss,0.18347180000000002,72448
2026-01,Reg I,smogon_chaos,2026-03-21T16:48:33.310905,Raging Bolt,0.1723667,43612
2026-01,Reg I,smogon_chaos,2026-03-21T16:48:33.310905,Smeargle,0.16340520000000003,35058
2026-01,Reg I,smogon_chaos,2026-03-21T16:48:33.310905,Whimsicott,0.1536913,72751
2026-01,Reg I,smogon_chaos,2026-03-21T16:48:33.310905,Tornadus,0.1511335,65363
2026-01,Reg I,smogon_chaos,2026-03-21T16:48:33.310905,Landorus,0.1467829,35390
2026-01,Reg I,smogon_chaos,2026-03-21T16:48:33.310905,Koraidon,0.14273999999999998,79628
2026-01,Reg I,smogon_chaos,2026-03-21T16:48:33.310905,Lunala,0.1405968,57442
2026-01,Reg I,smogon_chaos,2026-03-21T16:48:33.310905,Indeedee-F,0.1396797,61086
2026-01,Reg I,smogon_chaos,2026-03-21T16:48:33.310905,Kyogre,0.1341532,66027
2026-01,Reg I,smogon_chaos,2026-03-21T16:48:33.310905,Flutter Mane,0.1263458,77539
2026-01,Reg I,smogon_chaos,2026-03-21T16:48:33.310905,Chien-Pao,0.11915469999999999,38340
2026-01,Reg I,smogon_chaos,2026-03-21T16:48:33.310905,Farigiraf,0.1177254,54286
2026-01,Reg I,smogon_chaos,2026-03-21T16:48:33.310905,Grimmsnarl,0.1137411,39839
2026-01,Reg I,smogon_chaos,2026-03-21T16:48:33.310905,Chi-Yu,0.10979950000000001,41326
2026-01,Reg I,smogon_chaos,2026-03-21T16:48:33.310905,Ogerpon-Cornerstone,0.1008128,18555
2026-01,Reg I,smogon_chaos,2026-03-21T16:48:33.310905,Terapagos,0.0842028,24489
2026-01,Reg I,smogon_chaos,2026-03-21T16:48:33.310905,Ursaluna,0.08256830000000001,43390
2026-01,Reg I,smogon_chaos,2026-03-21T16:48:33.310905,Dragonite,0.0740445,13692
2026-01,Reg I,smogon_chaos,2026-03-21T16:48:33.310905,Iron Hands,0.0731663,34939
2026-01,Reg I,smogon_chaos,2026-03-21T16:48:33.310905,Volcarona,0.0698188,18241
2026-01,Reg I,smogon_chaos,2026-03-21T16:48:33.310905,Zacian-Crowned,0.067514,26307
2026-01,Reg I,smogon_chaos,2026-03-21T16:48:33.310905,Groudon,0.06642100000000001,29538
2026-01,Reg I,smogon_chaos,2026-03-21T16:48:33.310905,Dondozo,0.0657914,7852
2026-01,Reg I,smogon_chaos,2026-03-21T16:48:33.310905,Tatsugiri,0.0626428,5979
2026-01,Reg I,smogon_chaos,2026-03-21T16:48:33.310905,Eternatus,0.062130599999999994,7325
2026-01,Reg I,smogon_chaos,2026-03-21T16:48:33.310905,Brute Bonnet,0.0513264,26105
2026-01,Reg I,smogon_chaos,2026-03-21T16:48:33.310905,Urshifu,0.0490131,23040
2026-01,Reg I,smogon_chaos,2026-03-21T16:48:33.310905,Iron Valiant,0.040693799999999995,7892
2026-01,Reg I,smogon_chaos,2026-03-21T16:48:33.310905,Ogerpon-Wellspring,0.0388381,16602
2026-01,Reg I,smogon_chaos,2026-03-21T16:48:33.310905,Ho-Oh,0.0368018,14608
2026-01,Reg I,smogon_chaos,2026-03-21T16:48:33.310905,Annihilape,0.0364894,9057
2026-01,Reg I,smogon_chaos,2026-03-21T16:48:33.310905,Ting-Lu,0.0358391,8931
2026-01,Reg I,smogon_chaos,2026-03-21T16:48:33.310905,Clefairy,0.031811,15967
2026-01,Reg I,smogon_chaos,2026-03-21T16:48:33.310905,Ogerpon-Hearthflame,0.0272952,17969
2026-01,Reg I,smogon_chaos,2026-03-21T16:48:33.310905,Ursaluna-Bloodmoon,0.0217965,19794
2026-01,Reg I,smogon_chaos,2026-03-21T16:48:33.310905,Roaring Moon,0.021321500000000004,6983
2026-01,Reg I,smogon_chaos,2026-03-21T16:48:33.310905,Maushold,0.0195258,5610
2026-01,Reg I,smogon_chaos,2026-03-21T16:48:33.310905,Pelipper,0.0185142,9581
2026-01,Reg I,smogon_chaos,2026-03-21T16:48:33.310905,Torkoal,0.0181687,15797
2026-01,Reg I,smogon_chaos,2026-03-21T16:48:33.310905,Weezing-Galar,0.017046099999999998,9314
2026-01,Reg I,smogon_chaos,2026-03-21T16:48:33.310905,Sinistcha,0.0167903,10075
2026-01,Reg I,smogon_chaos,2026-03-21T16:48:33.310905,Iron Bundle,0.0143931,9885
2026-01,Reg I,smogon_chaos,2026-03-21T16:48:33.310905,Iron Jugulis,0.0119204,5254
2026-01,Reg I,smogon_chaos,2026-03-21T16:48:33.310905,Kingambit,0.011721500000000001,9645
2026-01,Reg I,smogon_chaos,2026-03-21T16:48:33.310905,Toxapex,0.0112393,2388
2026-01,Reg I,smogon_chaos,2026-03-21T16:48:33.310905,Walking Wake,0.010872,11222
2026-01,Reg I,smogon_chaos,2026-03-21T16:48:33.310905,Spiritomb,0.010365200000000001,434
2026-01,Reg I,smogon_chaos,2026-03-21T16:48:33.310905,Ditto,0.0103322,7072
2026-01,Reg I,smogon_chaos,2026-03-21T16:48:33.310905,Iron Treads,0.009257999999999999,5382
2026-01,Reg I,smogon_chaos,2026-03-21T16:48:33.310905,Muk-Alola,0.0084191,4402
2026-01,Reg I,smogon_chaos,2026-03-21T16:48:33.310905,Sneasler,0.0080394,7607
2026-01,Reg I,smogon_chaos,2026-03-21T16:48:33.310905,Rayquaza,0.0074133,7871
2026-01,Reg I,smogon_chaos,2026-03-21T16:48:33.310905,Sableye,0.0073839,8563
2026-01,Reg I,smogon_chaos,2026-03-21T16:48:33.310905,Gouging Fire,0.007148900000000001,2275
2026-01,Reg I,smogon_chaos,2026-03-21T16:48:33.310905,Raichu,0.007134700000000001,5944
2026-01,Reg I,smogon_chaos,2026-03-21T16:48:33.310905,Ninetales-Alola,0.0063098,8342
2026-01,Reg I,smogon_chaos,2026-03-21T16:48:33.310905,Flamigo,0.0063032999999999995,4086
2026-01,Reg I,smogon_chaos,2026-03-21T16:48:33.310905,Basculegion,0.0062468,5863
2026-01,Reg I,smogon_chaos,2026-03-21T16:48:33.310905,Iron Moth,0.0060824,2894
2026-01,Reg I,smogon_chaos,2026-03-21T16:48:33.310905,Entei,0.0058736,2811
2026-01,Reg I,smogon_chaos,2026-03-21T16:48:33.310905,Vaporeon,0.005620699999999999,488
2026-01,Reg I,smogon_chaos,2026-03-21T16:48:33.310905,Thundurus,0.005474799999999999,3820
2026-01,Reg I,smogon_chaos,2026-03-21T16:48:33.310905,Archaludon,0.005145800000000001,13235
2026-01,Reg I,smogon_chaos,2026-03-21T16:48:33.310905,Glimmora,0.0050983,2835
2026-01,Reg I,smogon_chaos,2026-03-21T16:48:33.310905,Rhydon,0.005083600000000001,1441
2026-01,Reg I,smogon_chaos,2026-03-21T16:48:33.310905,Hitmontop,0.0049001,2999
2026-01,Reg I,smogon_chaos,2026-03-21T16:48:33.310905,Talonflame,0.0048357,3199
2026-01,Reg I,smogon_chaos,2026-03-21T16:48:33.310905,Wo-Chien,0.0045371,2434
2026-01,Reg I,smogon_chaos,2026-03-21T16:48:33.310905,Gothitelle,0.0043752,5317
2026-01,Reg I,smogon_chaos,2026-03-21T16:48:33.310905,Jumpluff,0.0043186000000000006,3439
2026-01,Reg I,smogon_chaos,2026-03-21T16:48:33.310905,Lilligant-Hisui,0.0040603,5606
2026-01,Reg I,smogon_chaos,2026-03-21T16:48:33.310905,Landorus-Therian,0.0036980000000000003,5735
2026-01,Reg I,smogon_chaos,2026-03-21T16:48:33.310905,Primarina,0.0036393999999999997,2811
2026-01,Reg I,smogon_chaos,2026-03-21T16:48:33.310905,Scraggy,0.003627,1981
2026-01,Reg I,smogon_chaos,2026-03-21T16:48:33.310905,Necrozma-Dusk-Mane,0.0034205000000000004,4539
2026-01,Reg I,smogon_chaos,2026-03-21T16:48:33.310905,Kyurem-White,0.0033971,6880
2026-01,Reg I,smogon_chaos,2026-03-21T16:48:33.310905,Murkrow,0.0032725,4026
2026-01,Reg I,smogon_chaos,2026-03-21T16:48:33.310905,Armarouge,0.0032679999999999996,3763
2026-01,Reg I,smogon_chaos,2026-03-21T16:48:33.310905,Regieleki,0.0031158999999999996,4672
2026-01,Reg I,smogon_chaos,2026-03-21T16:48:33.310905,Necrozma-Dawn-Wings,0.0031135,4976
2026-01,Reg I,smogon_chaos,2026-03-21T16:48:33.310905,Cresselia,0.0029423,4386
2026-01,Reg I,smogon_chaos,2026-03-21T16:48:33.310905,Sylveon,0.0029270000000000003,1656
2026-01,Reg I,smogon_chaos,2026-03-21T16:48:33.310905,Hatterene,0.0028610000000000003,4869
2026-01,Reg I,smogon_chaos,2026-03-21T16:48:33.310905,Tyranitar,0.0028014,5258
2026-01,Reg I,smogon_chaos,2026-03-21T16:48:33.310905,Dialga-Origin,0.0027864,3868
2026-01,Reg I,smogon_chaos,2026-03-21T16:48:33.310905,Dusclops,0.002773,1719
2026-01,Reg I,smogon_chaos,2026-03-21T16:48:33.310905,Scream Tail,0.0027228,5421
2026-01,Reg I,smogon_chaos,2026-03-21T16:48:33.310905,Ceruledge,0.0026749,3921
2026-01,Reg I,smogon_chaos,2026-03-21T16:48:33.310905,Garganacl,0.0026378,3822
2026-01,Reg I,smogon_chaos,2026-03-21T16:48:33.310905,Scrafty,0.0025141,1002
2026-01,Reg I,smogon_chaos,2026-03-21T16:48:33.310905,Umbreon,0.0024154,1417
2026-01,Reg I,smogon_chaos,2026-03-21T16:48:33.310905,Reshiram,0.0024055,5204
2026-01,Reg I,smogon_chaos,2026-03-21T16:48:33.310905,Tsareena,0.0022855,2136
2026-01,Reg I,smogon_chaos,2026-03-21T16:48:33.310905,Alcremie,0.0021127000000000003,2601
2026-01,Reg I,smogon_chaos,2026-03-21T16:48:33.310905,Charizard,0.0020080000000000002,2522
2026-01,Reg I,smogon_chaos,2026-03-21T16:48:33.310905,Solgaleo,0.0019652,2297
2026-01,Reg I,smogon_chaos,2026-03-21T16:48:33.310905,Oranguru,0.0017093,3760
2026-01,Reg I,smogon_chaos,2026-03-21T16:48:33.310905,Gallade,0.0016755000000000001,2183
2026-01,Reg I,smogon_chaos,2026-03-21T16:48:33.310905,Raichu-Alola,0.0016507,1550
2026-01,Reg I,smogon_chaos,2026-03-21T16:48:33.310905,Gholdengo,0.0015566,8298
2026-01,Reg I,smogon_chaos,2026-03-21T16:48:33.310905,Lugia,0.0015429,3379
2026-01,Reg I,smogon_chaos,2026-03-21T16:48:33.310905,Scovillain,0.0015371999999999999,1284
2026-01,Reg I,smogon_chaos,2026-03-21T16:48:33.310905,Giratina-Origin,0.0015243000000000001,2529
2026-01,Reg I,smogon_chaos,2026-03-21T16:48:33.310905,Zekrom,0.0014996999999999999,2630
2026-01,Reg I,smogon_chaos,2026-03-21T16:48:33.310905,Indeedee,0.0014071,2777
2026-01,Reg I,smogon_chaos,2026-03-21T16:48:33.310905,Gastrodon,0.0013492,3344
2026-01,Reg I,smogon_chaos,2026-03-21T16:48:33.310905,Brambleghast,0.0013328,177
2026-01,Reg I,smogon_chaos,2026-03-21T16:48:33.310905,Politoed,0.0012965,1587
2026-01,Reg I,smogon_chaos,2026-03-21T16:48:33.310905,Arcanine-Hisui,0.0012848999999999998,2929
2026-01,Reg I,smogon_chaos,2026-03-21T16:48:33.310905,Venusaur,0.0012771,3146
2026-01,Reg I,smogon_chaos,2026-03-21T16:48:33.310905,Overqwil,0.0012737999999999998,938
2026-01,Reg I,smogon_chaos,2026-03-21T16:48:33.310905,Palkia,0.0012047,1807
2026-01,Reg I,smogon_chaos,2026-03-21T16:48:33.310905,Rhyperior,0.0012023000000000001,1363
2026-01,Reg I,smogon_chaos,2026-03-21T16:48:33.310905,Araquanid,0.0011882,3349
2026-01,Reg I,smogon_chaos,2026-03-21T16:48:33.310905,Mimikyu,0.0011229,2168
2026-01,Reg I,smogon_chaos,2026-03-21T16:48:33.310905,Kyurem-Black,0.0011022999999999999,2906
2026-01,Reg I,smogon_chaos,2026-03-21T16:48:33.310905,Conkeldurr,0.00109,794
2026-01,Reg I,smogon_chaos,2026-03-21T16:48:33.310905,Excadrill,0.0010853,2131
2026-01,Reg I,smogon_chaos,2026-03-21T16:48:33.310905,Zoroark-Hisui,0.0010843,3651
2026-01,Reg I,smogon_chaos,2026-03-21T16:48:33.310905,Porygon2,0.0010828,3332
2026-01,Reg I,smogon_chaos,2026-03-21T16:48:33.310905,Mienshao,0.0010566,1358
2026-01,Reg I,smogon_chaos,2026-03-21T16:48:33.310905,Malamar,0.0010445,800
2026-01,Reg I,smogon_chaos,2026-03-21T16:48:33.310905,Dragapult,0.0010144,3260
2026-01,Reg I,smogon_chaos,2026-03-21T16:48:33.310905,Stonjourner,0.0010051,820
2026-01,Reg I,smogon_chaos,2026-03-21T16:48:33.310905,Thundurus-Therian,0.0010038999999999998,682
2026-01,Reg I,smogon_chaos,2026-03-21T16:48:33.310905,Iron Leaves,0.0009793,1148
2026-01,Reg I,smogon_chaos,2026-03-21T16:48:33.310905,Electabuzz,0.0009622999999999999,1378
2026-01,Reg I,smogon_chaos,2026-03-21T16:48:33.310905,Electivire,0.0009475,555
2026-01,Reg I,smogon_chaos,2026-03-21T16:48:33.310905,Tinkaton,0.0009400999999999999,1343
2026-01,Reg I,smogon_chaos,2026-03-21T16:48:33.310905,Azumarill,0.0009383,1180
2026-01,Reg I,smogon_chaos,2026-03-21T16:48:33.310905,Iron Crown,0.00092,1384
2026-01,Reg I,smogon_chaos,2026-03-21T16:48:33.310905,Rabsca,0.0009197,282
2026-01,Reg I,smogon_chaos,2026-03-21T16:48:33.310905,Palkia-Origin,0.0009195000000000001,2220
2026-01,Reg I,smogon_chaos,2026-03-21T16:48:33.310905,Weezing,0.000916,2359
2026-01,Reg I,smogon_chaos,2026-03-21T16:48:33.310905,Okidogi,0.0008755,1436
2026-01,Reg I,smogon_chaos,2026-03-21T16:48:33.310905,Regidrago,0.0008403,1996
2026-01,Reg I,smogon_chaos,2026-03-21T16:48:33.310905,Glastrier,0.0008357000000000001,256
2026-01,Reg I,smogon_chaos,2026-03-21T16:48:33.310905,Ludicolo,0.0008014000000000001,1554
2026-01,Reg I,smogon_chaos,2026-03-21T16:48:33.310905,Oricorio,0.0007809000000000001,188
2026-01,Reg I,smogon_chaos,2026-03-21T16:48:33.310905,Pachirisu,0.0007695,1033
2026-01,Reg I,smogon_chaos,2026-03-21T16:48:33.310905,Chesnaught,0.0007689,1312
2026-01,Reg I,smogon_chaos,2026-03-21T16:48:33.310905,Zapdos-Galar,0.0007546,1229
2026-01,Reg I,smogon_chaos,2026-03-21T16:48:33.310905,Moltres-Galar,0.0007428,1515
2026-01,Reg I,smogon_chaos,2026-03-21T16:48:33.310905,Hydrapple,0.0006966,810
2026-01,Reg I,smogon_chaos,2026-03-21T16:48:33.310905,Swampert,0.0006885,1242
2026-01,Reg I,smogon_chaos,2026-03-21T16:48:33.310905,Mewtwo,0.0006547,2497
2026-01,Reg I,smogon_chaos,2026-03-21T16:48:33.310905,Sandy Shocks,0.0006421,997
2026-01,Reg I,smogon_chaos,2026-03-21T16:48:33.310905,Latios,0.0006165000000000001,637
2026-01,Reg I,smogon_chaos,2026-03-21T16:48:33.310905,Milotic,0.0006125,1222
2026-01,Reg I,smogon_chaos,2026-03-21T16:48:33.310905,Toxtricity,0.0006105,590
2026-01,Reg I,smogon_chaos,2026-03-21T16:48:33.310905,Ogerpon,0.0006083,1440
2026-01,Reg I,smogon_chaos,2026-03-21T16:48:33.310905,Sceptile,0.0006028,738
2026-01,Reg I,smogon_chaos,2026-03-21T16:48:33.310905,Great Tusk,0.0005911,1530
2026-01,Reg I,smogon_chaos,2026-03-21T16:48:33.310905,Chandelure,0.0005803,1083
2026-01,Reg I,smogon_chaos,2026-03-21T16:48:33.310905,Salamence,0.0005679,1126
2026-01,Reg I,smogon_chaos,2026-03-21T16:48:33.310905,Raikou,0.0005636,318
2026-01,Reg I,smogon_chaos,2026-03-21T16:48:33.310905,Heatran,0.0005166,2428
2026-01,Reg I,smogon_chaos,2026-03-21T16:48:33.310905,Torterra,0.000511,775
2026-01,Reg I,smogon_chaos,2026-03-21T16:48:33.310905,Magmar,0.0005093000000000001,721
2026-01,Reg I,smogon_chaos,2026-03-21T16:48:33.310905,Luxray,0.0005024,365
2026-01,Reg I,smogon_chaos,2026-03-21T16:48:33.310905,Shiftry,0.0005,584
2026-01,Reg I,smogon_chaos,2026-03-21T16:48:33.310905,Crabominable,0.0004835,316
2026-01,Reg I,smogon_chaos,2026-03-21T16:48:33.310905,Typhlosion-Hisui,0.0004752,2579
2026-01,Reg I,smogon_chaos,2026-03-21T16:48:33.310905,Charjabug,0.0004612,594
2026-01,Reg I,smogon_chaos,2026-03-21T16:48:33.310905,Skeledirge,0.0004573,1114
2026-01,Reg I,smogon_chaos,2026-03-21T16:48:33.310905,Inkay,0.0004545,41
2026-01,Reg I,smogon_chaos,2026-03-21T16:48:33.310905,Corviknight,0.0004535,1932
2026-01,Reg I,smogon_chaos,2026-03-21T16:48:33.310905,Gyarados,0.0004496,1583
2026-01,Reg I,smogon_chaos,2026-03-21T16:48:33.310905,Dialga,0.000449,1375
2026-01,Reg I,smogon_chaos,2026-03-21T16:48:33.310905,Gurdurr,0.0004446,78
2026-01,Reg I,smogon_chaos,2026-03-21T16:48:33.310905,Regigigas,0.0004348,2591
2026-01,Reg I,smogon_chaos,2026-03-21T16:48:33.310905,Slither Wing,0.0004279,774
2026-01,Reg I,smogon_chaos,2026-03-21T16:48:33.310905,Giratina,0.00042229999999999996,1275
2026-01,Reg I,smogon_chaos,2026-03-21T16:48:33.310905,Abomasnow,0.0004187,800
2026-01,Reg I,smogon_chaos,2026-03-21T16:48:33.310905,Enamorus-Therian,0.0004063,1028
2026-01,Reg I,smogon_chaos,2026-03-21T16:48:33.310905,Pincurchin,0.0003861,439
2026-01,Reg I,smogon_chaos,2026-03-21T16:48:33.310905,Garchomp,0.0003726,2919
2026-01,Reg I,smogon_chaos,2026-03-21T16:48:33.310905,Snorlax,0.0003667,984
2026-01,Reg I,smogon_chaos,2026-03-21T16:48:33.310905,Tropius,0.0003656,282
2026-01,Reg I,smogon_chaos,2026-03-21T16:48:33.310905,Noivern,0.0003645,423
2026-01,Reg I,smogon_chaos,2026-03-21T16:48:33.310905,Pawmot,0.0003579,936
2026-01,Reg I,smogon_chaos,2026-03-21T16:48:33.310905,Hitmonlee,0.0003565,229
2026-01,Reg I,smogon_chaos,2026-03-21T16:48:33.310905,Greedent,0.0003443,131
2026-01,Reg I,smogon_chaos,2026-03-21T16:48:33.310905,Comfey,0.0003434,2214
2026-01,Reg I,smogon_chaos,2026-03-21T16:48:33.310905,Vivillon,0.0003405,172
2026-01,Reg I,smogon_chaos,2026-03-21T16:48:33.310905,Vikavolt,0.0003304,538
2026-01,Reg I,smogon_chaos,2026-03-21T16:48:33.310905,Hariyama,0.00032849999999999996,1227
2026-01,Reg I,smogon_chaos,2026-03-21T16:48:33.310905,Drifblim,0.00032099999999999994,692
2026-01,Reg I,smogon_chaos,2026-03-21T16:48:33.310905,Scizor,0.0003195,1667
2026-01,Reg I,smogon_chaos,2026-03-21T16:48:33.310905,Meowstic,0.00031919999999999995,1278
2026-01,Reg I,smogon_chaos,2026-03-21T16:48:33.310905,Suicune,0.0003156,699
2026-01,Reg I,smogon_chaos,2026-03-21T16:48:33.310905,Azelf,0.0003069,265
2026-01,Reg I,smogon_chaos,2026-03-21T16:48:33.310905,Medicham,0.0002899,549
2026-01,Reg I,smogon_chaos,2026-03-21T16:48:33.310905,Zapdos,0.0002835,1018
2026-01,Reg I,smogon_chaos,2026-03-21T16:48:33.310905,Metagross,0.00028000000000000003,1157
2026-01,Reg I,smogon_chaos,2026-03-21T16:48:33.310905,Articuno-Galar,0.0002679,829
2026-01,Reg I,smogon_chaos,2026-03-21T16:48:33.310905,Slaking,0.000265,974
2026-01,Reg I,smogon_chaos,2026-03-21T16:48:33.310905,Toedscruel,0.0002628,1273
2026-01,Reg I,smogon_chaos,2026-03-21T16:48:33.310905,Bronzong,0.0002497,1777
2026-01,Reg I,smogon_chaos,2026-03-21T16:48:33.310905,Toxicroak,0.00024670000000000003,341
2026-01,Reg I,smogon_chaos,2026-03-21T16:48:33.310905,Moltres,0.0002437,520
2026-01,Reg I,smogon_chaos,2026-03-21T16:48:33.310905,Riolu,0.0002437,1049
2026-01,Reg I,smogon_chaos,2026-03-21T16:48:33.310905,Lilligant,0.0002408,842
2026-01,Reg I,smogon_chaos,2026-03-21T16:48:33.310905,Galvantula,0.0002404,269
2026-01,Reg I,smogon_chaos,2026-03-21T16:48:33.310905,Pikachu,0.00024029999999999999,1210
2026-01,Reg I,smogon_chaos,2026-03-21T16:48:33.310905,Kilowattrel,0.0002332,1181
2026-01,Reg I,smogon_chaos,2026-03-21T16:48:33.310905,Clodsire,0.0002322,1375
2026-01,Reg I,smogon_chaos,2026-03-21T16:48:33.310905,Goodra-Hisui,0.00021749999999999997,1191
2026-01,Reg I,smogon_chaos,2026-03-21T16:48:33.310905,Klefki,0.0002097,1092
2026-01,Reg I,smogon_chaos,2026-03-21T16:48:33.310905,Terrakion,0.00020590000000000002,565
2026-01,Reg I,smogon_chaos,2026-03-21T16:48:33.310905,Bellibolt,0.0002019,225
2026-01,Reg I,smogon_chaos,2026-03-21T16:48:33.310905,Tauros-Paldea-Aqua,0.0002008,241
2026-01,Reg I,smogon_chaos,2026-03-21T16:48:33.310905,Camerupt,0.0002001,131
2026-01,Reg I,smogon_chaos,2026-03-21T16:48:33.310905,Cyclizar,0.0001959,249
2026-01,Reg I,smogon_chaos,2026-03-21T16:48:33.310905,Enamorus,0.0001957,571
2026-01,Reg I,smogon_chaos,2026-03-21T16:48:33.310905,Weavile,0.00019529999999999998,391
2026-01,Reg I,smogon_chaos,2026-03-21T16:48:33.310905,Alomomola,0.0001923,339
2026-01,Reg I,smogon_chaos,2026-03-21T16:48:33.310905,Latias,0.0001887,401
2026-01,Reg I,smogon_chaos,2026-03-21T16:48:33.310905,Bruxish,0.0001881,303
2026-01,Reg I,smogon_chaos,2026-03-21T16:48:33.310905,Iron Boulder,0.00018759999999999998,937
2026-01,Reg I,smogon_chaos,2026-03-21T16:48:33.310905,Chansey,0.0001853,167
2026-01,Reg I,smogon_chaos,2026-03-21T16:48:33.310905,Quagsire,0.00018360000000000002,338
2026-01,Reg I,smogon_chaos,2026-03-21T16:48:33.310905,Bastiodon,0.0001815,618
2026-01,Reg I,smogon_chaos,2026-03-21T16:48:33.310905,Arcanine,0.00017319999999999998,1377
2026-01,Reg I,smogon_chaos,2026-03-21T16:48:33.310905,Braviary-Hisui,0.0001631,243
2026-01,Reg I,smogon_chaos,2026-03-21T16:48:33.310905,Zamazenta,0.0001629,578
2026-01,Reg I,smogon_chaos,2026-03-21T16:48:33.310905,Clefable,0.0001612,1406
2026-01,Reg I,smogon_chaos,2026-03-21T16:48:33.310905,Kingdra,0.0001565,1233
2026-01,Reg I,smogon_chaos,2026-03-21T16:48:33.310905,Persian-Alola,0.0001558,77
2026-01,Reg I,smogon_chaos,2026-03-21T16:48:33.310905,Decidueye,0.000151,232
2026-01,Reg I,smogon_chaos,2026-03-21T16:48:33.310905,Arboliva,0.0001461,512
2026-01,Reg I,smogon_chaos,2026-03-21T16:48:33.310905,Hydreigon,0.0001458,932
2026-01,Reg I,smogon_chaos,2026-03-21T16:48:33.310905,Articuno,0.00014409999999999998,983
2026-01,Reg I,smogon_chaos,2026-03-21T16:48:33.310905,Gloom,0.0001423,123
2026-01,Reg I,smogon_chaos,2026-03-21T16:48:33.310905,Geodude,0.0001401,55
2026-01,Reg I,smogon_chaos,2026-03-21T16:48:33.310905,Lucario,0.000137,791
2026-01,Reg I,smogon_chaos,2026-03-21T16:48:33.310905,Oinkologne-F,0.0001341,40
2026-01,Reg I,smogon_chaos,2026-03-21T16:48:33.310905,Meowscarada,0.00013230000000000002,1911
2026-01,Reg I,smogon_chaos,2026-03-21T16:48:33.310905,Baxcalibur,0.0001298,966
2026-01,Reg I,smogon_chaos,2026-03-21T16:48:33.310905,Houndstone,0.00012749999999999998,265
2026-01,Reg I,smogon_chaos,2026-03-21T16:48:33.310905,Breloom,0.0001263,784
2026-01,Reg I,smogon_chaos,2026-03-21T16:48:33.310905,Volbeat,0.0001231,911
2026-01,Reg I,smogon_chaos,2026-03-21T16:48:33.310905,Gengar,0.00012059999999999999,1434
2026-01,Reg I,smogon_chaos,2026-03-21T16:48:33.310905,Barraskewda,0.00011889999999999999,446
2026-01,Reg I,smogon_chaos,2026-03-21T16:48:33.310905,Fletchling,0.0001149,184
2026-01,Reg I,smogon_chaos,2026-03-21T16:48:33.310905,Blaziken,0.0001138,792
2026-01,Reg I,smogon_chaos,2026-03-21T16:48:33.310905,Grafaiai,0.0001132,758
2026-01,Reg I,smogon_chaos,2026-03-21T16:48:33.310905,Munkidori,0.0001122,290
2026-01,Reg I,smogon_chaos,2026-03-21T16:48:33.310905,Fezandipiti,0.00010800000000000001,439
2026-01,Reg I,smogon_chaos,2026-03-21T16:48:33.310905,Rotom-Wash,0.00010510000000000001,639
2026-01,Reg I,smogon_chaos,2026-03-21T16:48:33.310905,Rotom-Heat,0.0001048,206
2026-01,Reg I,smogon_chaos,2026-03-21T16:48:33.310905,Golduck,0.00010460000000000001,187
2026-01,Reg I,smogon_chaos,2026-03-21T16:48:33.310905,Perrserker,0.00010229999999999999,340
